tic_id,	t_zero_1,	width_1,	depth_1,	t_zero_2,	width_2,	depth_2
207501148,	2459007.730147200,	0.16433394,	0.007730663,	2459671.878580300,	0.13967475,	0.007416805